{
    "accuracy": 0.7927377892030848,
    "precision": 0.7826370757180157,
    "recall": 0.7935142289874255,
    "auc": 0.8706357418076309
}